INSERT INTO department (id, dept_name)
VALUES (001, 'Product'),
       (002, 'Engineering'),
       (003, 'Operations'),
       (004, 'Finance'),
       (005, 'Legal'),
       (006, 'Human Relations'),
       (007, 'C-Suite');


INSERT INTO role (id, title, salary, department_id) 
VALUES (101, 'Head of Product', 150000.00, 001),
       (102, 'Product Manager', 120000.00, 001),
       (103, 'UI/UX Designer', 90000.00, 001),
       (201, 'Software Engineer', 130000.00, 002),
       (202, 'Lead Engineer', 150000.00, 002),
       (301, 'Ops Manager', 120000.00, 003),
       (302, 'Business Analyst', 90000.00, 003),
       (303, 'Team Leader', 70000.00, 003),
       (304, 'Cust Svc Rep', 35000.00, 003),
       (401, 'Accountant', 90000.00, 004),
       (402, 'Head of Finance', 120000.00, 004),
       (501, 'Legal Director', 150000.00, 005),
       (502, 'Lawyer', 120000.00, 005),
       (601, 'HR Manager', 90000.00, 006),
       (602, 'HR Generalist', 75000.00, 006),
       (701, 'CEO', 1500000.00, 007),
       (702, 'CFO', 1000000.00, 007),
       (703, 'COO', 1000000.00, 007);


INSERT INTO employee (id, first_name, last_name, role_id, manager_id)
VALUES (1, 'Mark', 'Cuban', 701),
       (2, 'Lori', 'Greiner', 101, 703),
       (3, 'Daymond', 'John', 702),
       (4, 'Kim', 'Kardashian West', 502, 501),
       (5, 'Kanye', 'West', 102, 101),
       (6, 'Khloe', 'Kardashian', 102, 101),
       (7, 'Kylie', 'Jenner', 103, 101),
       (8, 'Kris', 'Jenner', 301, 703),
       (9, 'Elon', 'Musk', 303, 301),
       (10, 'Jeff', 'Bezos',304, 301),
       (11, 'Bill', 'Gates', 302, 301),
       (12, 'Barbara', 'Corchran', 703),
       (13, 'Marcus', 'Sheridan', 102, 101),
       (14, 'Oprah', 'Winfrey', 102, 101),
       (15, 'Ruth', 'Bader Ginsburg', 102, 101),
       (16, 'Robert', 'Kardashian', 502, 501),
       (17, 'Dave', 'Ramsey', 402, 702),
       (18, 'Bernard', 'Madoff', 401, 402),
       (19, 'Michelle', 'Obama', 501, 702),
       (20, 'Steve', 'Wozniak', 401, 402),
       (21, 'Sundar', 'Pichai', 102, 101),
       (22, 'Stewart', 'Butterfield', 601, 703),
       (23, 'Tim', 'Cook', 602, 601),
       (24, 'Dan', 'Schulman', 602, 601),
       (25, 'Steve', 'Jobs', 202, 701),
       (26, 'Warren', 'Buffett', 201, 202),
       (27, 'Richard', 'Branson', 201, 202),
       (28, 'Melinda', 'Gates', 201, 202),
       (29, 'Beyonce', 'Knowles', 201, 202),
       (30, 'Shawn', 'Carter', 201, 202);