INSERT INTO
    department (id, dept_name)
VALUES
    (1, 'Product'),
    (2, 'Engineering'),
    (3, 'Operations'),
    (4, 'Marketing'),
    (5, 'Finance'),
    (6, 'Legal'),
    (7, 'Sales'),
    (8, 'Human Relations'),
    (9, 'C-Suite')
INSERT INTO
    role (title, salary, department_id)
VALUES
    ('Head of Product', '150000', 1),
    ('Product Manager', '120000', 1),
    ('UI/UX Designer', '90000', 1),
    ('Software Engineer', '130000', 2),
    ('Lead Engineer', '150000', 2),
    ('Ops Manager', '120000', 3),
    ('Business Analyst', '90000', 3),
    ('Team Leader', '70000', 3),
    ('Cust Svc Rep', '35000', 3),
    ('Marketing Manager', '90000', 4),
    ('Marketing Specialist', '70000', 4),
    ('Accountant', '90000', 5),
    ('Head of Finance', '120000', 5),
    ('Legal Director', '150000', 6),
    ('Lawyer', '120000', 6),
    ('Sales Manager', '100000', 7),
    ('Sales Rep', '50000 base', 7),
    ('HR Manager', '90000', 8),
    ('HR Generalist', '75000', 8),
    ('CEO', '1500000', 9),
    ('CFO', '1000000', 9),
    ('COO', '1000000', 9)
INSERT INTO
    employee (first_name, last_name, role_id)
VALUES
    ('Mark', 'Cuban'),
    ('Lori', 'Greiner'),
    ('Daymond', 'John'),
    ('Kim', 'Kardashian West'),
    ('Kanye', 'West'),
    ('Khloe', 'Kardashian'),
    ('Kylie', 'Jenner'),
    ('Kris', 'Jenner'),
    ('Elon', 'Musk'),
    ('Jeff', 'Bezos'),
    ('Bill', 'Gates'),
    ('Barbara', 'Corchran'),
    ('Marcus', 'Sheridan'),
    ('Oprah', 'Winfrey'),
    ('Ruth', 'Bader Ginsburg'),
    ('Robert', 'Kardashian'),
    ('Dave', 'Ramsey'),
    ('Bernard', 'Madoff'),
    ('Suze', 'Orman'),
    ('Satya', 'Nadella'),
    ('Michelle', 'Obama'),
    ('Steve', 'Wozniak'),
    ('Sundar', 'Pichai'),
    ('Stewart', 'Butterfield'),
    ('Tim', 'Cook'),
    ('Dan', 'Schulman'),
    ('Steve', 'Jobs'),
    ('Warren', 'Buffett'),
    ('Richard', 'Branson'),
    ('Melinda', 'Gates'),
    ('Beyonce', 'Knowles'),
    ('Shawn', 'Carter')