INSERT INTO
    department (id, dept_name)
VALUES
    (1, 'Product'),
    (2, 'Engineering'),
    (3, 'Operations'),
    (4, 'Finance'),
    (5, 'Legal'),
    (6, 'Human Relations'),
    (7, 'C-Suite')
INSERT INTO
    role (title, salary, department_id)
VALUES
    ('Head of Product', '150000', 1),
    ('Product Manager', '120000', 1),
    ('UI/UX Designer', '90000', 1),
    ('Software Engineer', '130000', 2),
    ('Lead Engineer', '150000', 2),
    ('Ops Manager', '120000', 3),
    ('Business Analyst', '90000', 3),
    ('Team Leader', '70000', 3),
    ('Cust Svc Rep', '35000', 3),
    ('Accountant', '90000', 4),
    ('Head of Finance', '120000', 4),
    ('Legal Director', '150000', 5),
    ('Lawyer', '120000', 5),
    ('HR Manager', '90000', 6),
    ('HR Generalist', '75000', 6),
    ('CEO', '1500000', 7),
    ('CFO', '1000000', 7),
    ('COO', '1000000', 7)
INSERT INTO
    employee (first_name, last_name, role_id)
VALUES
    ('Mark', 'Cuban'),
    ('Lori', 'Greiner'),
    ('Daymond', 'John'),
    ('Kim', 'Kardashian West'),
    ('Kanye', 'West'),
    ('Khloe', 'Kardashian'),
    ('Kylie', 'Jenner'),
    ('Kris', 'Jenner'),
    ('Elon', 'Musk'),
    ('Jeff', 'Bezos'),
    ('Bill', 'Gates'),
    ('Barbara', 'Corchran'),
    ('Marcus', 'Sheridan'),
    ('Oprah', 'Winfrey'),
    ('Ruth', 'Bader Ginsburg'),
    ('Robert', 'Kardashian'),
    ('Dave', 'Ramsey'),
    ('Bernard', 'Madoff'),
    ('Michelle', 'Obama'),
    ('Steve', 'Wozniak'),
    ('Sundar', 'Pichai'),
    ('Stewart', 'Butterfield'),
    ('Tim', 'Cook'),
    ('Dan', 'Schulman'),
    ('Steve', 'Jobs'),
    ('Warren', 'Buffett'),
    ('Richard', 'Branson'),
    ('Melinda', 'Gates'),
    ('Beyonce', 'Knowles'),
    ('Shawn', 'Carter')